[{"timestamp": 1595761150443926, "time_text": "0:06", "message": "Welcome to \u5e38\u95c7Family!", "author": "Runato", "time_in_seconds": 6}, {"message": "Welcome to \u5e38\u95c7Family!", "body_color": 4279213400, "ticker_duration": 300, "timestamp": 1595761150443926, "time_text": "0:06", "author": "Runato", "time_in_seconds": 6}, {"timestamp": 1595761151106398, "author": "\u305f\u3046", "amount": "\u00a5200", "header_color": {"rgba": [0, 184, 212, 255], "hex": "#00b8d4ff"}, "body_color": {"rgba": [0, 229, 255, 255], "hex": "#00e5ffff"}, "time_text": "0:06", "message": null, "time_in_seconds": 6}, {"timestamp": 1595761155348690, "author": "\u307f\u305a\u307f\u6c34\u7121\u6708", "amount": "\u00a5200", "message": "3D\u304a\u3081\u3067\u3068\u3046\u30c8\u30ef\u69d8\uff01\uff01:_\u30c8\u30ef\u6587\u5b57:ating!!!\u9811\u5f35\u3063\u3066\uff01\uff01", "header_color": {"rgba": [0, 184, 212, 255], "hex": "#00b8d4ff"}, "body_color": {"rgba": [0, 229, 255, 255], "hex": "#00e5ffff"}, "time_text": "0:10", "time_in_seconds": 10}, {"timestamp": 1595761158919935, "author": "yusan toon", "amount": "\u00a52,000", "message": "3D\u5316\u304a\u3081\u3067\u3068\u3046", "header_color": {"rgba": [230, 81, 0, 255], "hex": "#e65100ff"}, "body_color": {"rgba": [245, 124, 0, 255], "hex": "#f57c00ff"}, "time_text": "0:14", "time_in_seconds": 14}, {"amount": "\u00a52,000", "body_color": {"rgba": [245, 124, 0, 255], "hex": "#f57c00ff"}, "ticker_duration": 600, "timestamp": 1595761158919935, "author": "yusan toon", "message": "3D\u5316\u304a\u3081\u3067\u3068\u3046", "header_color": {"rgba": [230, 81, 0, 255], "hex": "#e65100ff"}, "time_text": "0:14", "time_in_seconds": 14}, {"timestamp": 1595761176782535, "author": "NaCoCo", "amount": "NT$150.00", "message": "Towa sama!!!", "header_color": {"rgba": [255, 179, 0, 255], "hex": "#ffb300ff"}, "body_color": {"rgba": [255, 202, 40, 255], "hex": "#ffca28ff"}, "time_text": "0:14", "time_in_seconds": 14}, {"amount": "NT$150.00", "body_color": {"rgba": [255, 202, 40, 255], "hex": "#ffca28ff"}, "ticker_duration": 300, "timestamp": 1595761176782535, "author": "NaCoCo", "message": "Towa sama!!!", "header_color": {"rgba": [255, 179, 0, 255], "hex": "#ffb300ff"}, "time_text": "0:14", "time_in_seconds": 14}, {"timestamp": 1595761159880298, "author": "kylethe6th", "amount": "$49.99", "header_color": {"rgba": [194, 24, 91, 255], "hex": "#c2185bff"}, "body_color": {"rgba": [233, 30, 99, 255], "hex": "#e91e63ff"}, "time_text": "0:15", "message": null, "time_in_seconds": 15}, {"amount": "$49.99", "body_color": {"rgba": [233, 30, 99, 255], "hex": "#e91e63ff"}, "ticker_duration": 1800, "timestamp": 1595761159880298, "author": "kylethe6th", "header_color": {"rgba": [194, 24, 91, 255], "hex": "#c2185bff"}, "time_text": "0:15", "message": null, "time_in_seconds": 15}, {"timestamp": 1595761161939510, "author": "\u30e0\u30b9\u30ab", "amount": "\u00a51,000", "header_color": {"rgba": [255, 179, 0, 255], "hex": "#ffb300ff"}, "body_color": {"rgba": [255, 202, 40, 255], "hex": "#ffca28ff"}, "time_text": "0:17", "message": null, "time_in_seconds": 17}, {"amount": "\u00a51,000", "body_color": {"rgba": [255, 202, 40, 255], "hex": "#ffca28ff"}, "ticker_duration": 300, "timestamp": 1595761161939510, "author": "\u30e0\u30b9\u30ab", "header_color": {"rgba": [255, 179, 0, 255], "hex": "#ffb300ff"}, "time_text": "0:17", "message": null, "time_in_seconds": 17}, {"timestamp": 1595761162789308, "author": "\u30d9\u30fc\u30b3\u30f3", "amount": "\u00a5500", "message": "\u30c8\u30ef\u69d83D\u304a\u3081\u3067\u3068\u3046\u2728", "header_color": {"rgba": [0, 191, 165, 255], "hex": "#00bfa5ff"}, "body_color": {"rgba": [29, 233, 182, 255], "hex": "#1de9b6ff"}, "time_text": "0:18", "time_in_seconds": 18}, {"amount": "\u00a5500", "body_color": {"rgba": [29, 233, 182, 255], "hex": "#1de9b6ff"}, "ticker_duration": 120, "timestamp": 1595761162789308, "author": "\u30d9\u30fc\u30b3\u30f3", "message": "\u30c8\u30ef\u69d83D\u304a\u3081\u3067\u3068\u3046\u2728", "header_color": {"rgba": [0, 191, 165, 255], "hex": "#00bfa5ff"}, "time_text": "0:18", "time_in_seconds": 18}, {"timestamp": 1595761175656079, "author": "Tyrfing121", "amount": "\u00a51,080", "message": "\u30c8\u30ef\u69d83D\u304a\u3081\u3067\u3068\u3049\u304a\u304a\u304a\uff01\ud83c\udf89\ud83c\udf89", "header_color": {"rgba": [255, 179, 0, 255], "hex": "#ffb300ff"}, "body_color": {"rgba": [255, 202, 40, 255], "hex": "#ffca28ff"}, "time_text": "0:18", "time_in_seconds": 18}, {"amount": "\u00a51,080", "body_color": {"rgba": [255, 202, 40, 255], "hex": "#ffca28ff"}, "ticker_duration": 300, "timestamp": 1595761175656079, "author": "Tyrfing121", "message": "\u30c8\u30ef\u69d83D\u304a\u3081\u3067\u3068\u3049\u304a\u304a\u304a\uff01\ud83c\udf89\ud83c\udf89", "header_color": {"rgba": [255, 179, 0, 255], "hex": "#ffb300ff"}, "time_text": "0:18", "time_in_seconds": 18}, {"timestamp": 1595761167585427, "author": "\u6765\u4eba", "amount": "\u00a5500", "message": "\u5927\u53d6\u304c\u3093\u3070\u3063\u3066\uff01\uff01", "header_color": {"rgba": [0, 191, 165, 255], "hex": "#00bfa5ff"}, "body_color": {"rgba": [29, 233, 182, 255], "hex": "#1de9b6ff"}, "time_text": "0:23", "time_in_seconds": 23}, {"amount": "\u00a5500", "body_color": {"rgba": [29, 233, 182, 255], "hex": "#1de9b6ff"}, "ticker_duration": 120, "timestamp": 1595761167585427, "author": "\u6765\u4eba", "message": "\u5927\u53d6\u304c\u3093\u3070\u3063\u3066\uff01\uff01", "header_color": {"rgba": [0, 191, 165, 255], "hex": "#00bfa5ff"}, "time_text": "0:23", "time_in_seconds": 23}, {"timestamp": 1595761168214147, "author": "EMC2JAPAN", "amount": "\u00a5500", "message": "\u30c8\u30ef\u3055\u3093\u304a\u3081\u3067\u3068\u3046", "header_color": {"rgba": [0, 191, 165, 255], "hex": "#00bfa5ff"}, "body_color": {"rgba": [29, 233, 182, 255], "hex": "#1de9b6ff"}, "time_text": "0:23", "time_in_seconds": 23}, {"amount": "\u00a5500", "body_color": {"rgba": [29, 233, 182, 255], "hex": "#1de9b6ff"}, "ticker_duration": 120, "timestamp": 1595761168214147, "author": "EMC2JAPAN", "message": "\u30c8\u30ef\u3055\u3093\u304a\u3081\u3067\u3068\u3046", "header_color": {"rgba": [0, 191, 165, 255], "hex": "#00bfa5ff"}, "time_text": "0:23", "time_in_seconds": 23}, {"timestamp": 1595761168524356, "author": "ruska", "amount": "HK$50.00", "message": "\uff13D\u304a\u3081\u3067\u3068\u3046\u3054\u3056\u3044\u307e\u3059", "header_color": {"rgba": [255, 179, 0, 255], "hex": "#ffb300ff"}, "body_color": {"rgba": [255, 202, 40, 255], "hex": "#ffca28ff"}, "time_text": "0:24", "time_in_seconds": 24}, {"amount": "HK$50.00", "body_color": {"rgba": [255, 202, 40, 255], "hex": "#ffca28ff"}, "ticker_duration": 300, "timestamp": 1595761168524356, "author": "ruska", "message": "\uff13D\u304a\u3081\u3067\u3068\u3046\u3054\u3056\u3044\u307e\u3059", "header_color": {"rgba": [255, 179, 0, 255], "hex": "#ffb300ff"}, "time_text": "0:24", "time_in_seconds": 24}, {"timestamp": 1595761169115437, "author": "Kirito Morina", "amount": "$10.00", "header_color": {"rgba": [255, 179, 0, 255], "hex": "#ffb300ff"}, "body_color": {"rgba": [255, 202, 40, 255], "hex": "#ffca28ff"}, "time_text": "0:24", "message": null, "time_in_seconds": 24}, {"amount": "$10.00", "body_color": {"rgba": [255, 202, 40, 255], "hex": "#ffca28ff"}, "ticker_duration": 300, "timestamp": 1595761169115437, "author": "Kirito Morina", "header_color": {"rgba": [255, 179, 0, 255], "hex": "#ffb300ff"}, "time_text": "0:24", "message": null, "time_in_seconds": 24}, {"timestamp": 1595761182806797, "author": "\u30cb\u30e7\u30ed\u308a", "amount": "\u00a550,000", "message": "3D\u5316\u304a\u3081\u3067\u3068\u3046\uff01:_\u30c8\u30ef\u69d8\u3044\u3048\u30fc\u3044:\u521d\u914d\u4fe1\u3067\u306e\u5922\u304c\u307e\u305f1\u3064\u53f6\u3063\u3066\u672c\u5f53\u306b\u5b09\u3057\u3044\uff01\u4eca\u65e5\u306f\u30c8\u30ef\u69d8\u3089\u3057\u304f\u697d\u3057\u3093\u306d\uff01\u672c\u5f53\u306b\u304a\u3081\u3067\u3068\u3046\uff01", "header_color": {"rgba": [208, 0, 0, 255], "hex": "#d00000ff"}, "body_color": {"rgba": [230, 33, 23, 255], "hex": "#e62117ff"}, "time_text": "0:25", "time_in_seconds": 25}, {"amount": "\u00a550,000", "body_color": {"rgba": [230, 33, 23, 255], "hex": "#e62117ff"}, "ticker_duration": 18000, "timestamp": 1595761182806797, "author": "\u30cb\u30e7\u30ed\u308a", "message": "3D\u5316\u304a\u3081\u3067\u3068\u3046\uff01:_\u30c8\u30ef\u69d8\u3044\u3048\u30fc\u3044:\u521d\u914d\u4fe1\u3067\u306e\u5922\u304c\u307e\u305f1\u3064\u53f6\u3063\u3066\u672c\u5f53\u306b\u5b09\u3057\u3044\uff01\u4eca\u65e5\u306f\u30c8\u30ef\u69d8\u3089\u3057\u304f\u697d\u3057\u3093\u306d\uff01\u672c\u5f53\u306b\u304a\u3081\u3067\u3068\u3046\uff01", "header_color": {"rgba": [208, 0, 0, 255], "hex": "#d00000ff"}, "time_text": "0:25", "time_in_seconds": 25}, {"timestamp": 1595761172913530, "author": "Shamiko", "amount": "A$10.00", "message": "You can do this, Towa Sama! Believe in yourself!:_\u30c8\u30ef\u69d8\u30ad\u30e9\u30ad\u30e9::_\u30c8\u30ef\u69d8\u30ad\u30e9\u30ad\u30e9::_\u30c8\u30ef\u69d8\u30ad\u30e9\u30ad\u30e9::_\u30c8\u30ef\u69d8\u3044\u3048\u30fc\u3044::_\u30c8\u30ef\u69d8\u3044\u3048\u30fc\u3044:", "header_color": {"rgba": [255, 179, 0, 255], "hex": "#ffb300ff"}, "body_color": {"rgba": [255, 202, 40, 255], "hex": "#ffca28ff"}, "time_text": "0:28", "time_in_seconds": 28}, {"amount": "A$10.00", "body_color": {"rgba": [255, 202, 40, 255], "hex": "#ffca28ff"}, "ticker_duration": 300, "timestamp": 1595761172913530, "author": "Shamiko", "message": "You can do this, Towa Sama! Believe in yourself!:_\u30c8\u30ef\u69d8\u30ad\u30e9\u30ad\u30e9::_\u30c8\u30ef\u69d8\u30ad\u30e9\u30ad\u30e9::_\u30c8\u30ef\u69d8\u30ad\u30e9\u30ad\u30e9::_\u30c8\u30ef\u69d8\u3044\u3048\u30fc\u3044::_\u30c8\u30ef\u69d8\u3044\u3048\u30fc\u3044:", "header_color": {"rgba": [255, 179, 0, 255], "hex": "#ffb300ff"}, "time_text": "0:28", "time_in_seconds": 28}, {"timestamp": 1595761175389617, "author": "\u30b7\u30b2\u30c1\u30fc", "amount": "\u00a5200", "message": "\u30c8\u30ef\u69d83D\u5316\u304a\u3081\u3067\u3068\u3046\u3054\u3056\u3044\u307e\u3059\u3002", "header_color": {"rgba": [0, 184, 212, 255], "hex": "#00b8d4ff"}, "body_color": {"rgba": [0, 229, 255, 255], "hex": "#00e5ffff"}, "time_text": "0:30", "time_in_seconds": 30}, {"timestamp": 1595761175684715, "author": "\u30b5\u30af\u30ce", "amount": "\u00a5500", "message": "\u30c8\u30ef\u69d8\uff13D\u304a\u3081\u3067\u3068\u3046\u3054\u3056\u3044\u307e\u3059\uff01\uff01\u5f85\u3063\u3066\u307e\u3057\u305f\uff01\uff01", "header_color": {"rgba": [0, 191, 165, 255], "hex": "#00bfa5ff"}, "body_color": {"rgba": [29, 233, 182, 255], "hex": "#1de9b6ff"}, "time_text": "0:31", "time_in_seconds": 31}, {"amount": "\u00a5500", "body_color": {"rgba": [29, 233, 182, 255], "hex": "#1de9b6ff"}, "ticker_duration": 120, "timestamp": 1595761175684715, "author": "\u30b5\u30af\u30ce", "message": "\u30c8\u30ef\u69d8\uff13D\u304a\u3081\u3067\u3068\u3046\u3054\u3056\u3044\u307e\u3059\uff01\uff01\u5f85\u3063\u3066\u307e\u3057\u305f\uff01\uff01", "header_color": {"rgba": [0, 191, 165, 255], "hex": "#00bfa5ff"}, "time_text": "0:31", "time_in_seconds": 31}, {"timestamp": 1595761179427046, "author": "\u3075\u3058", "amount": "\u00a5500", "header_color": {"rgba": [0, 191, 165, 255], "hex": "#00bfa5ff"}, "body_color": {"rgba": [29, 233, 182, 255], "hex": "#1de9b6ff"}, "time_text": "0:34", "message": null, "time_in_seconds": 34}, {"amount": "\u00a5500", "body_color": {"rgba": [29, 233, 182, 255], "hex": "#1de9b6ff"}, "ticker_duration": 120, "timestamp": 1595761179427046, "author": "\u3075\u3058", "header_color": {"rgba": [0, 191, 165, 255], "hex": "#00bfa5ff"}, "time_text": "0:34", "message": null, "time_in_seconds": 34}, {"timestamp": 1595761182951253, "author": "Jimmy Huynh", "amount": "$99.99", "message": "Congratulations on 3D debut, Towa-sama!:_\u30c8\u30ef\u69d8\u3044\u3048\u30fc\u3044::_\u30c8\u30ef\u69d8\u3044\u3048\u30fc\u3044:", "header_color": {"rgba": [208, 0, 0, 255], "hex": "#d00000ff"}, "body_color": {"rgba": [230, 33, 23, 255], "hex": "#e62117ff"}, "time_text": "0:38", "time_in_seconds": 38}, {"amount": "$99.99", "body_color": {"rgba": [230, 33, 23, 255], "hex": "#e62117ff"}, "ticker_duration": 3600, "timestamp": 1595761182951253, "author": "Jimmy Huynh", "message": "Congratulations on 3D debut, Towa-sama!:_\u30c8\u30ef\u69d8\u3044\u3048\u30fc\u3044::_\u30c8\u30ef\u69d8\u3044\u3048\u30fc\u3044:", "header_color": {"rgba": [208, 0, 0, 255], "hex": "#d00000ff"}, "time_text": "0:38", "time_in_seconds": 38}, {"timestamp": 1595761185195601, "author": "\u30ab\u30e0\u30ab\u30e0", "amount": "\u00a51,000", "message": "\u30c8\u30ef\u69d8\uff13D\u304a\u3081\u3067\u3068\u3046\u3054\u3056\u3044\u307e\u3059\uff01", "header_color": {"rgba": [255, 179, 0, 255], "hex": "#ffb300ff"}, "body_color": {"rgba": [255, 202, 40, 255], "hex": "#ffca28ff"}, "time_text": "0:40", "time_in_seconds": 40}, {"amount": "\u00a51,000", "body_color": {"rgba": [255, 202, 40, 255], "hex": "#ffca28ff"}, "ticker_duration": 300, "timestamp": 1595761185195601, "author": "\u30ab\u30e0\u30ab\u30e0", "message": "\u30c8\u30ef\u69d8\uff13D\u304a\u3081\u3067\u3068\u3046\u3054\u3056\u3044\u307e\u3059\uff01", "header_color": {"rgba": [255, 179, 0, 255], "hex": "#ffb300ff"}, "time_text": "0:40", "time_in_seconds": 40}, {"timestamp": 1595761185260702, "author": "\u9663\u7d05\u84ee", "amount": "\u00a510,000", "message": "\u30c8\u30ef\u69d83D\u304a\u3081\u3067\u3068\u3046\u3054\u3056\u3044\u307e\u3059\uff01\u4e00\u7737\u5c5e\u3068\u3057\u3066\u3053\u308c\u304b\u3089\u3082\u5fdc\u63f4\u3057\u3066\u3044\u304d\u307e\u3059\uff01\u30c4\u30a4\u30c3\u30bf\u30fc\u3067\u304a\u3063\u3057\u3083\u3063\u305f\u3068\u304a\u308a\u3001\u6700\u5f8c\u307e\u3067\u697d\u3057\u3093\u3067\u3044\u3063\u3066\u304f\u3060\u3055\u3044\u306d\uff01", "header_color": {"rgba": [208, 0, 0, 255], "hex": "#d00000ff"}, "body_color": {"rgba": [230, 33, 23, 255], "hex": "#e62117ff"}, "time_text": "0:40", "time_in_seconds": 40}, {"amount": "\u00a510,000", "body_color": {"rgba": [230, 33, 23, 255], "hex": "#e62117ff"}, "ticker_duration": 3600, "timestamp": 1595761185260702, "author": "\u9663\u7d05\u84ee", "message": "\u30c8\u30ef\u69d83D\u304a\u3081\u3067\u3068\u3046\u3054\u3056\u3044\u307e\u3059\uff01\u4e00\u7737\u5c5e\u3068\u3057\u3066\u3053\u308c\u304b\u3089\u3082\u5fdc\u63f4\u3057\u3066\u3044\u304d\u307e\u3059\uff01\u30c4\u30a4\u30c3\u30bf\u30fc\u3067\u304a\u3063\u3057\u3083\u3063\u305f\u3068\u304a\u308a\u3001\u6700\u5f8c\u307e\u3067\u697d\u3057\u3093\u3067\u3044\u3063\u3066\u304f\u3060\u3055\u3044\u306d\uff01", "header_color": {"rgba": [208, 0, 0, 255], "hex": "#d00000ff"}, "time_text": "0:40", "time_in_seconds": 40}, {"timestamp": 1595761185668502, "author": "Chae", "amount": "PHP\u00a0125.00", "message": "Goodluck Towa-Sama!! Don't feel nervous, us Kenzokus are here for you", "header_color": {"rgba": [0, 191, 165, 255], "hex": "#00bfa5ff"}, "body_color": {"rgba": [29, 233, 182, 255], "hex": "#1de9b6ff"}, "time_text": "0:41", "time_in_seconds": 41}, {"amount": "PHP\u00a0125.00", "body_color": {"rgba": [29, 233, 182, 255], "hex": "#1de9b6ff"}, "ticker_duration": 120, "timestamp": 1595761185668502, "author": "Chae", "message": "Goodluck Towa-Sama!! Don't feel nervous, us Kenzokus are here for you", "header_color": {"rgba": [0, 191, 165, 255], "hex": "#00bfa5ff"}, "time_text": "0:41", "time_in_seconds": 41}, {"timestamp": 1595761187247329, "author": "\u9f13\u8349\u305f\u3093\u307d\u307d", "amount": "\u00a51,000", "message": "\uff13D\u304a\u3081\u3067\u3068\u3046\u3054\u3056\u3044\u307e\u3059\uff01\uff01", "header_color": {"rgba": [255, 179, 0, 255], "hex": "#ffb300ff"}, "body_color": {"rgba": [255, 202, 40, 255], "hex": "#ffca28ff"}, "time_text": "0:42", "time_in_seconds": 42}, {"amount": "\u00a51,000", "body_color": {"rgba": [255, 202, 40, 255], "hex": "#ffca28ff"}, "ticker_duration": 300, "timestamp": 1595761187247329, "author": "\u9f13\u8349\u305f\u3093\u307d\u307d", "message": "\uff13D\u304a\u3081\u3067\u3068\u3046\u3054\u3056\u3044\u307e\u3059\uff01\uff01", "header_color": {"rgba": [255, 179, 0, 255], "hex": "#ffb300ff"}, "time_text": "0:42", "time_in_seconds": 42}, {"timestamp": 1595761187692349, "author": "D\u0169ng V\u0169 \u0110o\u00e0n Vi\u1ec7t", "amount": "\u00a51,000", "message": "3D\u304a\u62ab\u9732\u76ee\u304a\u3081\u3067\u3068\u3046\u3054\u3056\u3044\u307e\u3059", "header_color": {"rgba": [255, 179, 0, 255], "hex": "#ffb300ff"}, "body_color": {"rgba": [255, 202, 40, 255], "hex": "#ffca28ff"}, "time_text": "0:43", "time_in_seconds": 43}, {"amount": "\u00a51,000", "body_color": {"rgba": [255, 202, 40, 255], "hex": "#ffca28ff"}, "ticker_duration": 300, "timestamp": 1595761187692349, "author": "D\u0169ng V\u0169 \u0110o\u00e0n Vi\u1ec7t", "message": "3D\u304a\u62ab\u9732\u76ee\u304a\u3081\u3067\u3068\u3046\u3054\u3056\u3044\u307e\u3059", "header_color": {"rgba": [255, 179, 0, 255], "hex": "#ffb300ff"}, "time_text": "0:43", "time_in_seconds": 43}, {"timestamp": 1595761195178727, "author": "ksiyaskid", "amount": "$5.00", "header_color": {"rgba": [0, 191, 165, 255], "hex": "#00bfa5ff"}, "body_color": {"rgba": [29, 233, 182, 255], "hex": "#1de9b6ff"}, "time_text": "0:50", "message": null, "time_in_seconds": 50}, {"amount": "$5.00", "body_color": {"rgba": [29, 233, 182, 255], "hex": "#1de9b6ff"}, "ticker_duration": 120, "timestamp": 1595761195178727, "author": "ksiyaskid", "header_color": {"rgba": [0, 191, 165, 255], "hex": "#00bfa5ff"}, "time_text": "0:50", "message": null, "time_in_seconds": 50}, {"timestamp": 1595761195365872, "author": "Vicchi", "amount": "$100.00", "message": "You're going to drop a superchat, right Kenzoku bro?", "header_color": {"rgba": [208, 0, 0, 255], "hex": "#d00000ff"}, "body_color": {"rgba": [230, 33, 23, 255], "hex": "#e62117ff"}, "time_text": "0:51", "time_in_seconds": 51}, {"amount": "$100.00", "body_color": {"rgba": [230, 33, 23, 255], "hex": "#e62117ff"}, "ticker_duration": 3600, "timestamp": 1595761195365872, "author": "Vicchi", "message": "You're going to drop a superchat, right Kenzoku bro?", "header_color": {"rgba": [208, 0, 0, 255], "hex": "#d00000ff"}, "time_text": "0:51", "time_in_seconds": 51}, {"timestamp": 1595761196053510, "author": "\u7db2\u6226\u58eb\u30cd\u30c3\u30c6\u30a3\u30f3\u30b0\u3055\u3093", "amount": "\u00a5250", "message": "\u30c8\u30ef\u69d83D\u5316\u304a\u3081\u3067\u3068\u3046\u3045\u3045\u3045\u3045\u3045\u3045\uff01\uff01\uff01\ud83c\udf89\ud83c\udf89\ud83c\udf89", "header_color": {"rgba": [0, 184, 212, 255], "hex": "#00b8d4ff"}, "body_color": {"rgba": [0, 229, 255, 255], "hex": "#00e5ffff"}, "time_text": "0:51", "time_in_seconds": 51}, {"timestamp": 1595761197489404, "author": "\u304f\u308d\u306d\u3053", "amount": "\u00a51,000", "message": "3D\u304a\u3081\u3067\u3068\u3046\u3054\u3056\u3044\u307e\u3059\ud83c\udf89", "header_color": {"rgba": [255, 179, 0, 255], "hex": "#ffb300ff"}, "body_color": {"rgba": [255, 202, 40, 255], "hex": "#ffca28ff"}, "time_text": "0:53", "time_in_seconds": 53}, {"amount": "\u00a51,000", "body_color": {"rgba": [255, 202, 40, 255], "hex": "#ffca28ff"}, "ticker_duration": 300, "timestamp": 1595761197489404, "author": "\u304f\u308d\u306d\u3053", "message": "3D\u304a\u3081\u3067\u3068\u3046\u3054\u3056\u3044\u307e\u3059\ud83c\udf89", "header_color": {"rgba": [255, 179, 0, 255], "hex": "#ffb300ff"}, "time_text": "0:53", "time_in_seconds": 53}, {"timestamp": 1595761198055336, "author": "BlackHeart", "amount": "$108.39", "message": "\ud83c\udf89\u30c8\u30ef\u69d83D\u304a\u3081\u3067\u3068\u3046\u3054\u3056\u3044\u307e\u3059\u3002\ud83c\udf8a:_\u30c8\u30ef\u69d8\u3044\u3048\u30fc\u3044:\u4eca\u65e5\u306f\u5927\u4e8b\u306a\u65e5\u3067\u3059\u306d\uff01\u6c17\u306b\u305b\u305a\u9811\u5f35\u308c\u3070\u5927\u4e08\u592b\u3067\u3059\u3002\u79c1\u305f\u3061\u306f\u3042\u306a\u305f\u3092\u898b\u5b88\u308a\u5fdc\u63f4\u3057\u3066\u3044\u307e\u3059\u3002Towa\u2212sama GOGOGO :_\u30d3\u30d3\u30d5\u30ec\u30d5\u30ec: You Can do it! Family is here \ud83d\udc7e:_\u30c8\u30ef\u6587\u5b57:-samaaaaaaa:_\u30d3\u30d3\u30d5\u30ec\u30d5\u30ec::_\u30d3\u30d3\u30d5\u30ec\u30d5\u30ec::_\u30d3\u30d3\u30d5\u30ec\u30d5\u30ec:", "header_color": {"rgba": [208, 0, 0, 255], "hex": "#d00000ff"}, "body_color": {"rgba": [230, 33, 23, 255], "hex": "#e62117ff"}, "time_text": "0:53", "time_in_seconds": 53}, {"amount": "$108.39", "body_color": {"rgba": [230, 33, 23, 255], "hex": "#e62117ff"}, "ticker_duration": 3600, "timestamp": 1595761198055336, "author": "BlackHeart", "message": "\ud83c\udf89\u30c8\u30ef\u69d83D\u304a\u3081\u3067\u3068\u3046\u3054\u3056\u3044\u307e\u3059\u3002\ud83c\udf8a:_\u30c8\u30ef\u69d8\u3044\u3048\u30fc\u3044:\u4eca\u65e5\u306f\u5927\u4e8b\u306a\u65e5\u3067\u3059\u306d\uff01\u6c17\u306b\u305b\u305a\u9811\u5f35\u308c\u3070\u5927\u4e08\u592b\u3067\u3059\u3002\u79c1\u305f\u3061\u306f\u3042\u306a\u305f\u3092\u898b\u5b88\u308a\u5fdc\u63f4\u3057\u3066\u3044\u307e\u3059\u3002Towa\u2212sama GOGOGO :_\u30d3\u30d3\u30d5\u30ec\u30d5\u30ec: You Can do it! Family is here \ud83d\udc7e:_\u30c8\u30ef\u6587\u5b57:-samaaaaaaa:_\u30d3\u30d3\u30d5\u30ec\u30d5\u30ec::_\u30d3\u30d3\u30d5\u30ec\u30d5\u30ec::_\u30d3\u30d3\u30d5\u30ec\u30d5\u30ec:", "header_color": {"rgba": [208, 0, 0, 255], "hex": "#d00000ff"}, "time_text": "0:53", "time_in_seconds": 53}, {"timestamp": 1595761198441112, "author": "\u30d1\u30c1\u30f3\u30ab\u30b9Noooo\u30e2\u30c3\u30d7", "amount": "\u00a51,220", "message": "\u30c8\u30ef\u69d83D\u5316\u304a\u3081\u3067\u3068\u3046\u3054\u3056\u3044\u307e\u3059(\u3063\u00b4\u2200`)\u3063\ud83c\udf75", "header_color": {"rgba": [255, 179, 0, 255], "hex": "#ffb300ff"}, "body_color": {"rgba": [255, 202, 40, 255], "hex": "#ffca28ff"}, "time_text": "0:54", "time_in_seconds": 54}, {"amount": "\u00a51,220", "body_color": {"rgba": [255, 202, 40, 255], "hex": "#ffca28ff"}, "ticker_duration": 300, "timestamp": 1595761198441112, "author": "\u30d1\u30c1\u30f3\u30ab\u30b9Noooo\u30e2\u30c3\u30d7", "message": "\u30c8\u30ef\u69d83D\u5316\u304a\u3081\u3067\u3068\u3046\u3054\u3056\u3044\u307e\u3059(\u3063\u00b4\u2200`)\u3063\ud83c\udf75", "header_color": {"rgba": [255, 179, 0, 255], "hex": "#ffb300ff"}, "time_text": "0:54", "time_in_seconds": 54}, {"timestamp": 1595761202824658, "author": "Daniel Quiej\u00fa", "amount": "GTQ\u00a07.00", "header_color": {"rgba": [21, 101, 192, 255], "hex": "#1565c0ff"}, "body_color": {"rgba": [30, 136, 229, 255], "hex": "#1e88e5ff"}, "time_text": "0:58", "message": null, "time_in_seconds": 58}, {"timestamp": 1595761204275994, "author": "\u5f70[akira]", "amount": "\u00a55,000", "message": "3D\u304a\u3081\u3067\u3068\u3046\u3054\u3056\u3044\u307e\u3059\uff01", "header_color": {"rgba": [194, 24, 91, 255], "hex": "#c2185bff"}, "body_color": {"rgba": [233, 30, 99, 255], "hex": "#e91e63ff"}, "time_text": "0:59", "time_in_seconds": 59}, {"amount": "\u00a55,000", "body_color": {"rgba": [233, 30, 99, 255], "hex": "#e91e63ff"}, "ticker_duration": 1800, "timestamp": 1595761204275994, "author": "\u5f70[akira]", "message": "3D\u304a\u3081\u3067\u3068\u3046\u3054\u3056\u3044\u307e\u3059\uff01", "header_color": {"rgba": [194, 24, 91, 255], "hex": "#c2185bff"}, "time_text": "0:59", "time_in_seconds": 59}, {"timestamp": 1595761216589902, "author": "MrRedCheeks", "amount": "$50.00", "message": ":_\u30c8\u30ef\u69d8\u30ad\u30e9\u30ad\u30e9::_\u30c8\u30ef\u69d8\u30ad\u30e9\u30ad\u30e9::_\u30c8\u30ef\u69d8\u30ad\u30e9\u30ad\u30e9::_\u30c8\u30ef\u69d8\u30ad\u30e9\u30ad\u30e9:", "header_color": {"rgba": [194, 24, 91, 255], "hex": "#c2185bff"}, "body_color": {"rgba": [233, 30, 99, 255], "hex": "#e91e63ff"}, "time_text": "1:00", "time_in_seconds": 60}, {"amount": "$50.00", "body_color": {"rgba": [233, 30, 99, 255], "hex": "#e91e63ff"}, "ticker_duration": 1800, "timestamp": 1595761216589902, "author": "MrRedCheeks", "message": ":_\u30c8\u30ef\u69d8\u30ad\u30e9\u30ad\u30e9::_\u30c8\u30ef\u69d8\u30ad\u30e9\u30ad\u30e9::_\u30c8\u30ef\u69d8\u30ad\u30e9\u30ad\u30e9::_\u30c8\u30ef\u69d8\u30ad\u30e9\u30ad\u30e9:", "header_color": {"rgba": [194, 24, 91, 255], "hex": "#c2185bff"}, "time_text": "1:00", "time_in_seconds": 60}]